{
  "test_configuration": "Combined: 400 historical + 400 modern threats",
  "by_threat_generation": {
    "historical_threats": {
      "v1": 0.945,
      "v2": 0.625,
      "ensemble": 0.8525
    },
    "modern_threats": {
      "v1": 0.43,
      "v2": 0.8,
      "ensemble": 0.4925
    }
  },
  "combined_performance": {
    "model_v1": {
      "accuracy": 0.6875,
      "precision": 0.6623376623376623,
      "recall": 0.9066666666666666,
      "f1": 0.7654784240150094
    },
    "model_v2": {
      "accuracy": 0.7125,
      "precision": 0.8313253012048193,
      "recall": 0.6133333333333333,
      "f1": 0.7058823529411765
    },
    "ensemble": {
      "accuracy": 0.6725,
      "precision": 0.6378299120234604,
      "recall": 0.9666666666666667,
      "f1": 0.7685512367491166
    }
  }
}