{
  "model_v1": {
    "accuracy": 0.4931506849315068,
    "precision": 0.5036231884057971,
    "recall": 0.4664429530201342,
    "f1": 0.4843205574912892
  },
  "model_v2": {
    "accuracy": 0.5102739726027398,
    "precision": 0.527027027027027,
    "recall": 0.3926174496644295,
    "f1": 0.45
  },
  "ensemble": {
    "accuracy": 0.4863013698630137,
    "precision": 0.4962686567164179,
    "recall": 0.4463087248322148,
    "f1": 0.46996466431095407
  }
}